{
	"info": {
		"_postman_id": "42bbe1bf-03bc-43d6-8449-bc557d5b47e4",
		"name": "Create new user",
		"schema": "https://schema.getpostman.com/json/collection/v2.1.0/collection.json",
		"_exporter_id": "26059494"
	},
	"item": [
		{
			"name": "login",
			"item": [
				{
					"name": "Create new user",
					"event": [
						{
							"listen": "test",
							"script": {
								"exec": [
									"var jsonData = pm.response.json();",
									"pm.collectionVariables.set(\"token_user\", jsonData.token);",
									"",
									"pm.test(\"Status code is 200\", function () {",
									"    pm.response.to.have.status(200);",
									"});"
								],
								"type": "text/javascript"
							}
						}
					],
					"request": {
						"method": "POST",
						"header": [],
						"body": {
							"mode": "formdata",
							"formdata": [
								{
									"key": "username",
									"value": "GB202212b688e24",
									"type": "text"
								},
								{
									"key": "password",
									"value": "1e5caf2d67",
									"type": "text"
								}
							]
						},
						"url": {
							"raw": "https://test-stand.gb.ru/gateway/login",
							"protocol": "https",
							"host": [
								"test-stand",
								"gb",
								"ru"
							],
							"path": [
								"gateway",
								"login"
							]
						}
					},
					"response": []
				}
			]
		},
		{
			"name": "Create user",
			"item": [
				{
					"name": "/created_user_valid",
					"event": [
						{
							"listen": "test",
							"script": {
								"exec": [
									"pm.test(\"Status code is 200\", function () {",
									"    pm.response.to.have.status(200);",
									"});"
								],
								"type": "text/javascript"
							}
						},
						{
							"listen": "prerequest",
							"script": {
								"exec": [
									""
								],
								"type": "text/javascript"
							}
						}
					],
					"request": {
						"method": "POST",
						"header": [
							{
								"key": "X-Auth-Token",
								"value": "{{token_user}}",
								"type": "text"
							}
						],
						"body": {
							"mode": "formdata",
							"formdata": [
								{
									"key": "image",
									"type": "file",
									"src": "DFluEznpf/09a85c38.jpg"
								},
								{
									"key": "firstName",
									"value": "desert",
									"type": "text"
								},
								{
									"key": "lastName",
									"value": "cake",
									"type": "text"
								},
								{
									"key": "username",
									"value": "{{$randomInt}}",
									"type": "text"
								},
								{
									"key": "phone",
									"value": "+79050897777",
									"type": "text"
								},
								{
									"key": "sex",
									"value": "male",
									"type": "text"
								},
								{
									"key": "birthDate",
									"value": "2022-10-01",
									"type": "text"
								}
							]
						},
						"url": {
							"raw": "https://test-stand.gb.ru/gateway/dummies",
							"protocol": "https",
							"host": [
								"test-stand",
								"gb",
								"ru"
							],
							"path": [
								"gateway",
								"dummies"
							]
						}
					},
					"response": []
				},
				{
					"name": "/created_user_without image",
					"event": [
						{
							"listen": "test",
							"script": {
								"exec": [
									"pm.test(\"Status code is 200\", function () {",
									"    pm.response.to.have.status(200);",
									"});"
								],
								"type": "text/javascript"
							}
						},
						{
							"listen": "prerequest",
							"script": {
								"exec": [
									""
								],
								"type": "text/javascript"
							}
						}
					],
					"request": {
						"method": "POST",
						"header": [
							{
								"key": "X-Auth-Token",
								"value": "{{token_user}}",
								"type": "text"
							}
						],
						"body": {
							"mode": "formdata",
							"formdata": [
								{
									"key": "image",
									"type": "file",
									"src": [],
									"disabled": true
								},
								{
									"key": "firstName",
									"value": "desert",
									"type": "text"
								},
								{
									"key": "lastName",
									"value": "cake",
									"type": "text"
								},
								{
									"key": "username",
									"value": "{{$randomInt}}",
									"type": "text"
								},
								{
									"key": "phone",
									"value": "79050897777",
									"type": "text"
								},
								{
									"key": "sex",
									"value": "male",
									"type": "text"
								},
								{
									"key": "birthDate",
									"value": "2022-10-01",
									"type": "text"
								}
							]
						},
						"url": {
							"raw": "https://test-stand.gb.ru/gateway/dummies",
							"protocol": "https",
							"host": [
								"test-stand",
								"gb",
								"ru"
							],
							"path": [
								"gateway",
								"dummies"
							]
						}
					},
					"response": []
				},
				{
					"name": "/created_user_unvalid login",
					"event": [
						{
							"listen": "test",
							"script": {
								"exec": [
									"pm.test(\"Status code is 200\", function () {",
									"    pm.response.to.have.status(400);",
									"});"
								],
								"type": "text/javascript"
							}
						},
						{
							"listen": "prerequest",
							"script": {
								"exec": [
									""
								],
								"type": "text/javascript"
							}
						}
					],
					"request": {
						"method": "POST",
						"header": [
							{
								"key": "X-Auth-Token",
								"value": "{{token_user}}",
								"type": "text"
							}
						],
						"body": {
							"mode": "formdata",
							"formdata": [
								{
									"key": "image",
									"type": "file",
									"src": "a4IPiY-cp/09a85c38.jpg"
								},
								{
									"key": "firstName",
									"value": "desertii",
									"type": "text"
								},
								{
									"key": "lastName",
									"value": "cakeooo",
									"type": "text"
								},
								{
									"key": "username",
									"value": "+7",
									"type": "text"
								},
								{
									"key": "phone",
									"value": "79050897777",
									"type": "text"
								},
								{
									"key": "sex",
									"value": "male",
									"type": "text"
								},
								{
									"key": "birthDate",
									"value": "2022-10-01",
									"type": "text"
								}
							]
						},
						"url": {
							"raw": "https://test-stand.gb.ru/gateway/dummies",
							"protocol": "https",
							"host": [
								"test-stand",
								"gb",
								"ru"
							],
							"path": [
								"gateway",
								"dummies"
							]
						}
					},
					"response": []
				},
				{
					"name": "/created_user_unvalid B-day <7",
					"event": [
						{
							"listen": "test",
							"script": {
								"exec": [
									"pm.test(\"Status code is 200\", function () {",
									"    pm.response.to.have.status(400);",
									"});"
								],
								"type": "text/javascript"
							}
						},
						{
							"listen": "prerequest",
							"script": {
								"exec": [
									""
								],
								"type": "text/javascript"
							}
						}
					],
					"request": {
						"method": "POST",
						"header": [
							{
								"key": "X-Auth-Token",
								"value": "{{token_user}}",
								"type": "text"
							}
						],
						"body": {
							"mode": "formdata",
							"formdata": [
								{
									"key": "image",
									"type": "file",
									"src": "69kT0zD3W/09a85c38.jpg"
								},
								{
									"key": "firstName",
									"value": "desert",
									"type": "text"
								},
								{
									"key": "lastName",
									"value": "cake",
									"type": "text"
								},
								{
									"key": "username",
									"value": "{{$randomInt}}",
									"type": "text"
								},
								{
									"key": "phone",
									"value": "79050897777",
									"type": "text"
								},
								{
									"key": "sex",
									"value": "male",
									"type": "text"
								},
								{
									"key": "birthDate",
									"value": "2021-10-01",
									"type": "text"
								}
							]
						},
						"url": {
							"raw": "https://test-stand.gb.ru/gateway/dummies",
							"protocol": "https",
							"host": [
								"test-stand",
								"gb",
								"ru"
							],
							"path": [
								"gateway",
								"dummies"
							]
						}
					},
					"response": []
				},
				{
					"name": "/created_user_unvalid B-day > 100",
					"event": [
						{
							"listen": "test",
							"script": {
								"exec": [
									"pm.test(\"Status code is 200\", function () {",
									"    pm.response.to.have.status(400);",
									"});"
								],
								"type": "text/javascript"
							}
						},
						{
							"listen": "prerequest",
							"script": {
								"exec": [
									""
								],
								"type": "text/javascript"
							}
						}
					],
					"request": {
						"method": "POST",
						"header": [
							{
								"key": "X-Auth-Token",
								"value": "{{token_user}}",
								"type": "text"
							}
						],
						"body": {
							"mode": "formdata",
							"formdata": [
								{
									"key": "image",
									"type": "file",
									"src": "69kT0zD3W/09a85c38.jpg"
								},
								{
									"key": "firstName",
									"value": "desert",
									"type": "text"
								},
								{
									"key": "lastName",
									"value": "cake",
									"type": "text"
								},
								{
									"key": "username",
									"value": "{{$randomInt}}",
									"type": "text"
								},
								{
									"key": "phone",
									"value": "79050897777",
									"type": "text"
								},
								{
									"key": "sex",
									"value": "male",
									"type": "text"
								},
								{
									"key": "birthDate",
									"value": "1920-10-01",
									"type": "text"
								}
							]
						},
						"url": {
							"raw": "https://test-stand.gb.ru/gateway/dummies",
							"protocol": "https",
							"host": [
								"test-stand",
								"gb",
								"ru"
							],
							"path": [
								"gateway",
								"dummies"
							]
						}
					},
					"response": []
				},
				{
					"name": "/created_user_unvalid last name > 20",
					"event": [
						{
							"listen": "test",
							"script": {
								"exec": [
									"pm.test(\"Status code is 200\", function () {",
									"    pm.response.to.have.status(400);",
									"});"
								],
								"type": "text/javascript"
							}
						},
						{
							"listen": "prerequest",
							"script": {
								"exec": [
									""
								],
								"type": "text/javascript"
							}
						}
					],
					"request": {
						"method": "POST",
						"header": [
							{
								"key": "X-Auth-Token",
								"value": "{{token_user}}",
								"type": "text"
							}
						],
						"body": {
							"mode": "formdata",
							"formdata": [
								{
									"key": "image",
									"type": "file",
									"src": "69kT0zD3W/09a85c38.jpg"
								},
								{
									"key": "firstName",
									"value": "desert",
									"type": "text"
								},
								{
									"key": "lastName",
									"value": "Получается идеальная инструкция",
									"type": "text"
								},
								{
									"key": "username",
									"value": "{{$randomInt}}",
									"type": "text"
								},
								{
									"key": "phone",
									"value": "79050897777",
									"type": "text"
								},
								{
									"key": "sex",
									"value": "male",
									"type": "text"
								},
								{
									"key": "birthDate",
									"value": "2022-10-01",
									"type": "text"
								}
							]
						},
						"url": {
							"raw": "https://test-stand.gb.ru/gateway/dummies",
							"protocol": "https",
							"host": [
								"test-stand",
								"gb",
								"ru"
							],
							"path": [
								"gateway",
								"dummies"
							]
						}
					},
					"response": []
				},
				{
					"name": "/created_user_unvalid last name < 3",
					"event": [
						{
							"listen": "test",
							"script": {
								"exec": [
									"pm.test(\"Status code is 200\", function () {",
									"    pm.response.to.have.status(400);",
									"});"
								],
								"type": "text/javascript"
							}
						},
						{
							"listen": "prerequest",
							"script": {
								"exec": [
									"i = 0",
									"pm.collectionVariables.set(\"test_user\", pm.collectionVariables.get(\"test_user\")+i+1);"
								],
								"type": "text/javascript"
							}
						}
					],
					"request": {
						"method": "POST",
						"header": [
							{
								"key": "X-Auth-Token",
								"value": "{{token_user}}",
								"type": "text"
							}
						],
						"body": {
							"mode": "formdata",
							"formdata": [
								{
									"key": "image",
									"type": "file",
									"src": "69kT0zD3W/09a85c38.jpg"
								},
								{
									"key": "firstName",
									"value": "desert",
									"type": "text"
								},
								{
									"key": "lastName",
									"value": "ca",
									"type": "text"
								},
								{
									"key": "username",
									"value": "{{$randomInt}}",
									"type": "text"
								},
								{
									"key": "phone",
									"value": "79050897777",
									"type": "text"
								},
								{
									"key": "sex",
									"value": "male",
									"type": "text"
								},
								{
									"key": "birthDate",
									"value": "2022-10-01",
									"type": "text"
								}
							]
						},
						"url": {
							"raw": "https://test-stand.gb.ru/gateway/dummies",
							"protocol": "https",
							"host": [
								"test-stand",
								"gb",
								"ru"
							],
							"path": [
								"gateway",
								"dummies"
							]
						}
					},
					"response": []
				},
				{
					"name": "/created_user_empty fields",
					"event": [
						{
							"listen": "test",
							"script": {
								"exec": [
									"pm.test(\"Status code is 200\", function () {",
									"    pm.response.to.have.status(400);",
									"});"
								],
								"type": "text/javascript"
							}
						},
						{
							"listen": "prerequest",
							"script": {
								"exec": [
									"i = 0",
									"pm.collectionVariables.set(\"test_user\", pm.collectionVariables.get(\"test_user\")+i+1);"
								],
								"type": "text/javascript"
							}
						}
					],
					"request": {
						"method": "POST",
						"header": [
							{
								"key": "X-Auth-Token",
								"value": "{{token_user}}",
								"type": "text"
							}
						],
						"body": {
							"mode": "formdata",
							"formdata": [
								{
									"key": "image",
									"type": "file",
									"src": [],
									"disabled": true
								},
								{
									"key": "firstName",
									"value": "",
									"type": "text"
								},
								{
									"key": "lastName",
									"value": "",
									"type": "text"
								},
								{
									"key": "username",
									"value": "",
									"type": "text"
								},
								{
									"key": "phone",
									"value": "",
									"type": "text"
								},
								{
									"key": "sex",
									"value": "",
									"type": "text"
								},
								{
									"key": "birthDate",
									"value": "",
									"type": "text"
								}
							]
						},
						"url": {
							"raw": "https://test-stand.gb.ru/gateway/dummies",
							"protocol": "https",
							"host": [
								"test-stand",
								"gb",
								"ru"
							],
							"path": [
								"gateway",
								"dummies"
							]
						}
					},
					"response": []
				},
				{
					"name": "/created_user_unvalid name <3",
					"event": [
						{
							"listen": "test",
							"script": {
								"exec": [
									"pm.test(\"Status code is 200\", function () {",
									"    pm.response.to.have.status(400);",
									"});"
								],
								"type": "text/javascript"
							}
						},
						{
							"listen": "prerequest",
							"script": {
								"exec": [
									""
								],
								"type": "text/javascript"
							}
						}
					],
					"request": {
						"method": "POST",
						"header": [
							{
								"key": "X-Auth-Token",
								"value": "{{token_user}}",
								"type": "text"
							}
						],
						"body": {
							"mode": "formdata",
							"formdata": [
								{
									"key": "image",
									"type": "file",
									"src": "69kT0zD3W/09a85c38.jpg"
								},
								{
									"key": "firstName",
									"value": "de",
									"type": "text"
								},
								{
									"key": "lastName",
									"value": "cake",
									"type": "text"
								},
								{
									"key": "username",
									"value": "{{$randomInt}}",
									"type": "text"
								},
								{
									"key": "phone",
									"value": "79050897777",
									"type": "text"
								},
								{
									"key": "sex",
									"value": "male",
									"type": "text"
								},
								{
									"key": "birthDate",
									"value": "2022-10-01",
									"type": "text"
								}
							]
						},
						"url": {
							"raw": "https://test-stand.gb.ru/gateway/dummies",
							"protocol": "https",
							"host": [
								"test-stand",
								"gb",
								"ru"
							],
							"path": [
								"gateway",
								"dummies"
							]
						}
					},
					"response": []
				},
				{
					"name": "/created_user_unvalid name > 20",
					"event": [
						{
							"listen": "test",
							"script": {
								"exec": [
									"pm.test(\"Status code is 200\", function () {",
									"    pm.response.to.have.status(400);",
									"});"
								],
								"type": "text/javascript"
							}
						},
						{
							"listen": "prerequest",
							"script": {
								"exec": [
									""
								],
								"type": "text/javascript"
							}
						}
					],
					"request": {
						"method": "POST",
						"header": [
							{
								"key": "X-Auth-Token",
								"value": "{{token_user}}",
								"type": "text"
							}
						],
						"body": {
							"mode": "formdata",
							"formdata": [
								{
									"key": "image",
									"type": "file",
									"src": "69kT0zD3W/09a85c38.jpg"
								},
								{
									"key": "firstName",
									"value": "Получается идеальная паэлья",
									"type": "text"
								},
								{
									"key": "lastName",
									"value": "cake",
									"type": "text"
								},
								{
									"key": "username",
									"value": "{{$randomInt}}",
									"type": "text"
								},
								{
									"key": "phone",
									"value": "79050897777",
									"type": "text"
								},
								{
									"key": "sex",
									"value": "male",
									"type": "text"
								},
								{
									"key": "birthDate",
									"value": "2022-10-01",
									"type": "text"
								}
							]
						},
						"url": {
							"raw": "https://test-stand.gb.ru/gateway/dummies",
							"protocol": "https",
							"host": [
								"test-stand",
								"gb",
								"ru"
							],
							"path": [
								"gateway",
								"dummies"
							]
						}
					},
					"response": []
				},
				{
					"name": "/created_user_unvalid_phone <10",
					"event": [
						{
							"listen": "test",
							"script": {
								"exec": [
									"pm.test(\"Status code is 200\", function () {",
									"    pm.response.to.have.status(400);",
									"});"
								],
								"type": "text/javascript"
							}
						},
						{
							"listen": "prerequest",
							"script": {
								"exec": [
									""
								],
								"type": "text/javascript"
							}
						}
					],
					"request": {
						"method": "POST",
						"header": [
							{
								"key": "X-Auth-Token",
								"value": "{{token_user}}",
								"type": "text"
							}
						],
						"body": {
							"mode": "formdata",
							"formdata": [
								{
									"key": "image",
									"type": "file",
									"src": "/Users/s.yakovlev/Desktop/CakeLand/images/dessert.png"
								},
								{
									"key": "firstName",
									"value": "desert",
									"type": "text"
								},
								{
									"key": "lastName",
									"value": "cake",
									"type": "text"
								},
								{
									"key": "username",
									"value": "{{$randomInt}}",
									"type": "text"
								},
								{
									"key": "phone",
									"value": "123659784",
									"type": "text"
								},
								{
									"key": "sex",
									"value": "male",
									"type": "text"
								},
								{
									"key": "birthDate",
									"value": "2022-10-01",
									"type": "text"
								}
							]
						},
						"url": {
							"raw": "https://test-stand.gb.ru/gateway/dummies",
							"protocol": "https",
							"host": [
								"test-stand",
								"gb",
								"ru"
							],
							"path": [
								"gateway",
								"dummies"
							]
						}
					},
					"response": []
				},
				{
					"name": "/created_user_with the same phone",
					"event": [
						{
							"listen": "test",
							"script": {
								"exec": [
									"pm.test(\"Status code is 200\", function () {",
									"    pm.response.to.have.status(400);",
									"});"
								],
								"type": "text/javascript"
							}
						},
						{
							"listen": "prerequest",
							"script": {
								"exec": [
									""
								],
								"type": "text/javascript"
							}
						}
					],
					"request": {
						"method": "POST",
						"header": [
							{
								"key": "X-Auth-Token",
								"value": "{{token_user}}",
								"type": "text"
							}
						],
						"body": {
							"mode": "formdata",
							"formdata": [
								{
									"key": "image",
									"type": "file",
									"src": "GaJulUTxR/09a85c38.jpg"
								},
								{
									"key": "firstName",
									"value": "desert",
									"type": "text"
								},
								{
									"key": "lastName",
									"value": "cake",
									"type": "text"
								},
								{
									"key": "username",
									"value": "{{$randomInt}}",
									"type": "text"
								},
								{
									"key": "phone",
									"value": "79050897777",
									"type": "text"
								},
								{
									"key": "sex",
									"value": "male",
									"type": "text"
								},
								{
									"key": "birthDate",
									"value": "2022-10-01",
									"type": "text"
								}
							]
						},
						"url": {
							"raw": "https://test-stand.gb.ru/gateway/dummies",
							"protocol": "https",
							"host": [
								"test-stand",
								"gb",
								"ru"
							],
							"path": [
								"gateway",
								"dummies"
							]
						}
					},
					"response": []
				},
				{
					"name": "/created_user_unvalid_phone >12",
					"event": [
						{
							"listen": "test",
							"script": {
								"exec": [
									"pm.test(\"Status code is 200\", function () {",
									"    pm.response.to.have.status(400);",
									"});"
								],
								"type": "text/javascript"
							}
						},
						{
							"listen": "prerequest",
							"script": {
								"exec": [
									""
								],
								"type": "text/javascript"
							}
						}
					],
					"request": {
						"method": "POST",
						"header": [
							{
								"key": "X-Auth-Token",
								"value": "{{token_user}}",
								"type": "text"
							}
						],
						"body": {
							"mode": "formdata",
							"formdata": [
								{
									"key": "image",
									"type": "file",
									"src": "/Users/s.yakovlev/Desktop/CakeLand/images/dessert.png"
								},
								{
									"key": "firstName",
									"value": "desert",
									"type": "text"
								},
								{
									"key": "lastName",
									"value": "cake",
									"type": "text"
								},
								{
									"key": "username",
									"value": "{{$randomInt}}",
									"type": "text"
								},
								{
									"key": "phone",
									"value": "1234567895466",
									"type": "text"
								},
								{
									"key": "sex",
									"value": "male",
									"type": "text"
								},
								{
									"key": "birthDate",
									"value": "2022-10-01",
									"type": "text"
								}
							]
						},
						"url": {
							"raw": "https://test-stand.gb.ru/gateway/dummies",
							"protocol": "https",
							"host": [
								"test-stand",
								"gb",
								"ru"
							],
							"path": [
								"gateway",
								"dummies"
							]
						}
					},
					"response": []
				},
				{
					"name": "/created_user_unvalid_with_the_same_username",
					"event": [
						{
							"listen": "test",
							"script": {
								"exec": [
									"pm.test(\"Status code is 400\", function () {",
									"    pm.response.to.have.status(400);",
									"});"
								],
								"type": "text/javascript"
							}
						}
					],
					"request": {
						"method": "POST",
						"header": [
							{
								"key": "X-Auth-Token",
								"value": "{{token_user}}",
								"type": "text"
							}
						],
						"body": {
							"mode": "formdata",
							"formdata": [
								{
									"key": "image",
									"type": "file",
									"src": "/Users/s.yakovlev/Desktop/CakeLand/images/dessert2.png"
								},
								{
									"key": "firstName",
									"value": "desert",
									"type": "text"
								},
								{
									"key": "lastName",
									"value": "cake",
									"type": "text"
								},
								{
									"key": "username",
									"value": "superuser1",
									"type": "text"
								},
								{
									"key": "phone",
									"value": "79998881234",
									"type": "text"
								},
								{
									"key": "sex",
									"value": "male",
									"type": "text"
								},
								{
									"key": "birthDate",
									"value": "2022-10-01",
									"type": "text"
								}
							]
						},
						"url": {
							"raw": "https://test-stand.gb.ru/gateway/dummies",
							"protocol": "https",
							"host": [
								"test-stand",
								"gb",
								"ru"
							],
							"path": [
								"gateway",
								"dummies"
							]
						}
					},
					"response": []
				}
			]
		}
	],
	"event": [
		{
			"listen": "prerequest",
			"script": {
				"type": "text/javascript",
				"exec": [
					""
				]
			}
		},
		{
			"listen": "test",
			"script": {
				"type": "text/javascript",
				"exec": [
					""
				]
			}
		}
	],
	"variable": [
		{
			"key": "token_user",
			"value": ""
		},
		{
			"key": "test_user",
			"value": ""
		}
	]
}